z	symbol	name	name_fa	category	category_fa	period	group	group_text	config	mass
1	H	Hydrogen	هیدروژن	nonmetal	نافلز	1	1	1	1s1	1
2	He	Helium	هلیم	noble gas	گاز نجیب	1	18	18	1s2	4
3	Li	Lithium	لیتیوم	alkali metal	فلز قلیایی	2	1	1	[He] 2s1	7
4	Be	Beryllium	بریلیم	alkaline earth metal	فلز قلیایی خاکی	2	2	2	[He] 2s2	9
5	B	Boron	بور	metalloid	شبه‌فلز	2	13	13	[He] 2s2 2p1	11
6	C	Carbon	کربن	nonmetal	نافلز	2	14	14	[He] 2s2 2p2	12
7	N	Nitrogen	نیتروژن	nonmetal	نافلز	2	15	15	[He] 2s2 2p3	14
8	O	Oxygen	اکسیژن	nonmetal	نافلز	2	16	16	[He] 2s2 2p4	16
9	F	Fluorine	فلوئور	halogen	هالوژن	2	17	17	[He] 2s2 2p5	19
10	Ne	Neon	نئون	noble gas	گاز نجیب	2	18	18	[He] 2s2 2p6	20
11	Na	Sodium	سدیم	alkali metal	فلز قلیایی	3	1	1	[Ne] 3s1	23
12	Mg	Magnesium	منیزیم	alkaline earth metal	فلز قلیایی خاکی	3	2	2	[Ne] 3s2	24
13	Al	Aluminium	آلومینیوم	post-transition metal	فلز پس‌واسطه	3	13	13	[Ne] 3s2 3p1	27
14	Si	Silicon	سیلیسیم	metalloid	شبه‌فلز	3	14	14	[Ne] 3s2 3p2	28
15	P	Phosphorus	فسفر	nonmetal	نافلز	3	15	15	[Ne] 3s2 3p3	31
16	S	Sulfur	گوگرد	nonmetal	نافلز	3	16	16	[Ne] 3s2 3p4	32
17	Cl	Chlorine	کلر	halogen	هالوژن	3	17	17	[Ne] 3s2 3p5	35
18	Ar	Argon	آرگون	noble gas	گاز نجیب	3	18	18	[Ne] 3s2 3p6	40
19	K	Potassium	پتاسیم	alkali metal	فلز قلیایی	4	1	1	[Ar] 4s1	39
20	Ca	Calcium	کلسیم	alkaline earth metal	فلز قلیایی خاکی	4	2	2	[Ar] 4s2	40
21	Sc	Scandium	اسکاندیم	transition metal	فلز واسطه	4	3	3	[Ar] 3d1 4s2	45
22	Ti	Titanium	تیتانیم	transition metal	فلز واسطه	4	4	4	[Ar] 3d2 4s2	48
23	V	Vanadium	وانادیم	transition metal	فلز واسطه	4	5	5	[Ar] 3d3 4s2	51
24	Cr	Chromium	کروم	transition metal	فلز واسطه	4	6	6	[Ar] 3d5 4s1	52
25	Mn	Manganese	منگنز	transition metal	فلز واسطه	4	7	7	[Ar] 3d5 4s2	55
26	Fe	Iron	آهن	transition metal	فلز واسطه	4	8	8	[Ar] 3d6 4s2	56
27	Co	Cobalt	کبالت	transition metal	فلز واسطه	4	9	9	[Ar] 3d7 4s2	59
28	Ni	Nickel	نیکل	transition metal	فلز واسطه	4	10	10	[Ar] 3d8 4s2	58
29	Cu	Copper	مس	transition metal	فلز واسطه	4	11	11	[Ar] 3d10 4s1	63
30	Zn	Zinc	روی	transition metal	فلز واسطه	4	12	12	[Ar] 3d10 4s2	64
31	Ga	Gallium	گالیم	post-transition metal	فلز پس‌واسطه	4	13	13	[Ar] 3d10 4s2 4p1	69
32	Ge	Germanium	ژرمانیم	metalloid	شبه‌فلز	4	14	14	[Ar] 3d10 4s2 4p2	74
33	As	Arsenic	آرسنیک	metalloid	شبه‌فلز	4	15	15	[Ar] 3d10 4s2 4p3	75
34	Se	Selenium	سلنیم	nonmetal	نافلز	4	16	16	[Ar] 3d10 4s2 4p4	80
35	Br	Bromine	برم	halogen	هالوژن	4	17	17	[Ar] 3d10 4s2 4p5	79
36	Kr	Krypton	کریپتون	noble gas	گاز نجیب	4	18	18	[Ar] 3d10 4s2 4p6	84
37	Rb	Rubidium	روبیدیم	alkali metal	فلز قلیایی	5	1	1	[Kr] 5s1	85
38	Sr	Strontium	استرانسیم	alkaline earth metal	فلز قلیایی خاکی	5	2	2	[Kr] 5s2	88
39	Y	Yttrium	ایتریم	transition metal	فلز واسطه	5	3	3	[Kr] 4d1 5s2	89
40	Zr	Zirconium	زیرکونیم	transition metal	فلز واسطه	5	4	4	[Kr] 4d2 5s2	90
41	Nb	Niobium	نیوبیم	transition metal	فلز واسطه	5	5	5	[Kr] 4d4 5s1	93
42	Mo	Molybdenum	مولیبدن	transition metal	فلز واسطه	5	6	6	[Kr] 4d5 5s1	98
43	Tc	Technetium	تکنسیم	transition metal	فلز واسطه	5	7	7	[Kr] 4d5 5s2	98
44	Ru	Ruthenium	روتنیم	transition metal	فلز واسطه	5	8	8	[Kr] 4d7 5s1	101
45	Rh	Rhodium	رودیم	transition metal	فلز واسطه	5	9	9	[Kr] 4d8 5s1	103
46	Pd	Palladium	پالادیم	transition metal	فلز واسطه	5	10	10	[Kr] 4d10	106
47	Ag	Silver	نقره	transition metal	فلز واسطه	5	11	11	[Kr] 4d10 5s1	107
48	Cd	Cadmium	کادمیم	transition metal	فلز واسطه	5	12	12	[Kr] 4d10 5s2	114
49	In	Indium	ایندیم	post-transition metal	فلز پس‌واسطه	5	13	13	[Kr] 4d10 5s2 5p1	115
50	Sn	Tin	قلع	post-transition metal	فلز پس‌واسطه	5	14	14	[Kr] 4d10 5s2 5p2	120
51	Sb	Antimony	آنتیموان	metalloid	شبه‌فلز	5	15	15	[Kr] 4d10 5s2 5p3	121
52	Te	Tellurium	تلوریم	metalloid	شبه‌فلز	5	16	16	[Kr] 4d10 5s2 5p4	130
53	I	Iodine	ید	halogen	هالوژن	5	17	17	[Kr] 4d10 5s2 5p5	127
54	Xe	Xenon	زنون	noble gas	گاز نجیب	5	18	18	[Kr] 4d10 5s2 5p6	131
55	Cs	Caesium	سزیم	alkali metal	فلز قلیایی	6	1	1	[Xe] 6s1	133
56	Ba	Barium	باریم	alkaline earth metal	فلز قلیایی خاکی	6	2	2	[Xe] 6s2	138
57	La	Lanthanum	لانتان	lanthanide	لانتانید	6	3	3	[Xe] 5d1 6s2	139
58	Ce	Cerium	سریم	lanthanide	لانتانید	6	4	—	[Xe] 4f1 5d1 6s2	140
59	Pr	Praseodymium	پرازئودیمیم	lanthanide	لانتانید	6	5	—	[Xe] 4f3 6s2	141
60	Nd	Neodymium	نئودیمیم	lanthanide	لانتانید	6	6	—	[Xe] 4f4 6s2	142
61	Pm	Promethium	پرومتیم	lanthanide	لانتانید	6	7	—	[Xe] 4f5 6s2	145
62	Sm	Samarium	ساماریم	lanthanide	لانتانید	6	8	—	[Xe] 4f6 6s2	152
63	Eu	Europium	یوروپیم	lanthanide	لانتانید	6	9	—	[Xe] 4f7 6s2	153
64	Gd	Gadolinium	گادولینیم	lanthanide	لانتانید	6	10	—	[Xe] 4f7 5d1 6s2	158
65	Tb	Terbium	تربیم	lanthanide	لانتانید	6	11	—	[Xe] 4f9 6s2	159
66	Dy	Dysprosium	دیسپروزیم	lanthanide	لانتانید	6	12	—	[Xe] 4f10 6s2	164
67	Ho	Holmium	هولمیم	lanthanide	لانتانید	6	13	—	[Xe] 4f11 6s2	165
68	Er	Erbium	اربیوم	lanthanide	لانتانید	6	14	—	[Xe] 4f12 6s2	166
69	Tm	Thulium	تولیم	lanthanide	لانتانید	6	15	—	[Xe] 4f13 6s2	169
70	Yb	Ytterbium	ایتربیم	lanthanide	لانتانید	6	16	—	[Xe] 4f14 6s2	174
71	Lu	Lutetium	لوتتیم	lanthanide	لانتانید	6	17	—	[Xe] 4f14 5d1 6s2	175
72	Hf	Hafnium	هافنیم	transition metal	فلز واسطه	6	4	4	[Xe] 4f14 5d2 6s2	178
73	Ta	Tantalum	تانتال	transition metal	فلز واسطه	6	5	5	[Xe] 4f14 5d3 6s2	181
74	W	Tungsten	تنگستن	transition metal	فلز واسطه	6	6	6	[Xe] 4f14 5d4 6s2	184
75	Re	Rhenium	رنیوم	transition metal	فلز واسطه	6	7	7	[Xe] 4f14 5d5 6s2	187
76	Os	Osmium	اُسمیم	transition metal	فلز واسطه	6	8	8	[Xe] 4f14 5d6 6s2	192
77	Ir	Iridium	ایریدیم	transition metal	فلز واسطه	6	9	9	[Xe] 4f14 5d7 6s2	193
78	Pt	Platinum	پلاتین	transition metal	فلز واسطه	6	10	10	[Xe] 4f14 5d9 6s1	195
79	Au	Gold	طلا	transition metal	فلز واسطه	6	11	11	[Xe] 4f14 5d10 6s1	197
80	Hg	Mercury	جیوه	transition metal	فلز واسطه	6	12	12	[Xe] 4f14 5d10 6s2	202
81	Tl	Thallium	تالیم	post-transition metal	فلز پس‌واسطه	6	13	13	[Xe] 4f14 5d10 6s2 6p1	205
82	Pb	Lead	سرب	post-transition metal	فلز پس‌واسطه	6	14	14	[Xe] 4f14 5d10 6s2 6p2	208
83	Bi	Bismuth	بیسموت	post-transition metal	فلز پس‌واسطه	6	15	15	[Xe] 4f14 5d10 6s2 6p3	209
84	Po	Polonium	پولونیم	post-transition metal	فلز پس‌واسطه	6	16	16	[Xe] 4f14 5d10 6s2 6p4	209
85	At	Astatine	آستاتین	halogen	هالوژن	6	17	17	[Xe] 4f14 5d10 6s2 6p5	210
86	Rn	Radon	رادون	noble gas	گاز نجیب	6	18	18	[Xe] 4f14 5d10 6s2 6p6	222
87	Fr	Francium	فرانسیم	alkali metal	فلز قلیایی	7	1	1	[Rn] 7s1	223
88	Ra	Radium	رادیم	alkaline earth metal	فلز قلیایی خاکی	7	2	2	[Rn] 7s2	226
89	Ac	Actinium	اکتینیم	actinide	اکتینید	7	3	3	[Rn] 6d1 7s2	227
90	Th	Thorium	توریم	actinide	اکتینید	7	4	—	[Rn] 6d2 7s2	232
91	Pa	Protactinium	پروتاکتینیم	actinide	اکتینید	7	5	—	[Rn] 5f2 6d1 7s2	231
92	U	Uranium	اورانیم	actinide	اکتینید	7	6	—	[Rn] 5f3 6d1 7s2	238
93	Np	Neptunium	نپتونیم	actinide	اکتینید	7	7	—	[Rn] 5f4 6d1 7s2	237
94	Pu	Plutonium	پلوتونیم	actinide	اکتینید	7	8	—	[Rn] 5f6 7s2	244
95	Am	Americium	آمریسیم	actinide	اکتینید	7	9	—	[Rn] 5f7 7s2	243
96	Cm	Curium	کوریوم	actinide	اکتینید	7	10	—	[Rn] 5f7 6d1 7s2	247
97	Bk	Berkelium	برکلیم	actinide	اکتینید	7	11	—	[Rn] 5f9 7s2	247
98	Cf	Californium	کالیفرنیم	actinide	اکتینید	7	12	—	[Rn] 5f10 7s2	251
99	Es	Einsteinium	اینشتینیم	actinide	اکتینید	7	13	—	[Rn] 5f11 7s2	252
100	Fm	Fermium	فرمیم	actinide	اکتینید	7	14	—	[Rn] 5f12 7s2	257
101	Md	Mendelevium	مندلیفیم	actinide	اکتینید	7	15	—	[Rn] 5f13 7s2	258
102	No	Nobelium	نوبلیم	actinide	اکتینید	7	16	—	[Rn] 5f14 7s2	259
103	Lr	Lawrencium	لارنسیم	actinide	اکتینید	7	17	—	[Rn] 5f14 7s2 7p1	262
104	Rf	Rutherfordium	رادرفوردیم	transition metal	فلز واسطه	7	4	4	[Rn] 5f14 6d2 7s2	267
105	Db	Dubnium	دوبنیم	transition metal	فلز واسطه	7	5	5	[Rn] 5f14 6d3 7s2	268
106	Sg	Seaborgium	سیبورگیم	transition metal	فلز واسطه	7	6	6	[Rn] 5f14 6d4 7s2	269
107	Bh	Bohrium	بوریم	transition metal	فلز واسطه	7	7	7	[Rn] 5f14 6d5 7s2	270
108	Hs	Hassium	هاسیم	transition metal	فلز واسطه	7	8	8	[Rn] 5f14 6d6 7s2	277
109	Mt	Meitnerium	مایتنریم	transition metal	فلز واسطه	7	9	9	[Rn] 5f14 6d7 7s2	278
110	Ds	Darmstadtium	دارمشتادیم	transition metal	فلز واسطه	7	10	10	[Rn] 5f14 6d9 7s1	281
111	Rg	Roentgenium	رونتگنیم	transition metal	فلز واسطه	7	11	11	[Rn] 5f14 6d10 7s1	282
112	Cn	Copernicium	کوپرنیسیم	post-transition metal	فلز پس‌واسطه	7	12	12	[Rn] 5f14 6d10 7s2	285
113	Nh	Nihonium	نیهونیوم	post-transition metal	فلز پس‌واسطه	7	13	13	[Rn] 5f14 6d10 7s2 7p1	286
114	Fl	Flerovium	فلروویم	post-transition metal	فلز پس‌واسطه	7	14	14	[Rn] 5f14 6d10 7s2 7p2	289
115	Mc	Moscovium	مسکوویم	post-transition metal	فلز پس‌واسطه	7	15	15	[Rn] 5f14 6d10 7s2 7p3	290
116	Lv	Livermorium	لیورموریم	post-transition metal	فلز پس‌واسطه	7	16	16	[Rn] 5f14 6d10 7s2 7p4	293
117	Ts	Tennessine	تنسین	halogen	هالوژن	7	17	17	[Rn] 5f14 6d10 7s2 7p5	294
118	Og	Oganesson	اوگانسون	noble gas	گاز نجیب	7	18	18	[Rn] 5f14 6d10 7s2 7p6	294
